USE [NPRDashboard];
GO

set identity_insert [DonorProfile] on
insert into DonorProfile (Id, FirstName, LastName, Email, PhoneNumber, [Address], City, [State], ZipCode, NumberOfGifts) values (1, 'Tina', 'Trex', 't@t.com', '615-123-4567', '123 Kirkwood Ave', 'Nashville', 'TN', 37204, 1);
insert into DonorProfile (Id, FirstName, LastName, Email, PhoneNumber, [Address], City, [State], ZipCode, NumberOfGifts) values (2, 'Urb', 'Ultra', 'u@u.com', '345-253-4677','56 Kirkwood Ave', 'Nashville', 'TN', 37204, 2);
insert into DonorProfile (Id, FirstName, LastName, Email, PhoneNumber, [Address], City, [State], ZipCode, NumberOfGifts) values (3, 'Veronica', 'Vix', 'v@v.com', '763-237-3453', '21 Kirkwood Ave', 'Nashville', 'TN', 37204, 4);
insert into DonorProfile (Id, FirstName, LastName, Email, PhoneNumber, [Address], City, [State], ZipCode, NumberOfGifts) values (4, 'Xavior', 'Xye', 'x@x.com', '651-253-4677', '55 Kirkwood Ave', 'Nashville', 'TN', 37204, 2);
insert into DonorProfile (Id, FirstName, LastName, Email, PhoneNumber, [Address], City, [State], ZipCode, NumberOfGifts) values (5, 'Wanda', 'Walker', 'w@w.com', '612-253-4677', '65 Central Ave', 'Nashville', 'TN', 37206, 1);
insert into DonorProfile (Id, FirstName, LastName, Email, PhoneNumber, [Address], City, [State], ZipCode, NumberOfGifts) values (6, 'Yvonne', 'Yesterday', 'y@y.com', '615-891-4567', '77 Central Ave', 'Nashville', 'TN', 37206, 3);
insert into DonorProfile (Id, FirstName, LastName, Email, PhoneNumber, [Address], City, [State], ZipCode, NumberOfGifts) values (7, 'Zeb', 'Zebra', 'z@z.com', '615-253-4677', '86 Central Ave', 'Nashville', 'TN', 37206, 2);
insert into DonorProfile (Id, FirstName, LastName, Email, PhoneNumber, [Address], City, [State], ZipCode, NumberOfGifts) values (8, 'Steve', 'Stork', 's@s.com', '615-253-4677', '86 Central Ave', 'Nashville', 'TN', 37206, 1);
insert into DonorProfile (Id, FirstName, LastName, Email, PhoneNumber, [Address], City, [State], ZipCode, NumberOfGifts) values (9, 'Ryan', 'Rhino', 'r@r.com', '615-253-4677', '86 Central Ave', 'Nashville', 'TN', 37206, 1);
insert into DonorProfile (Id, FirstName, LastName, Email, PhoneNumber, [Address], City, [State], ZipCode, NumberOfGifts) values (10, 'Quinn', 'Quail', 'q@q.com', '615-253-4677', '86 Central Ave', 'Nashville', 'TN', 37206, 1);
insert into DonorProfile (Id, FirstName, LastName, Email, PhoneNumber, [Address], City, [State], ZipCode, NumberOfGifts) values (11, 'Paul', 'Peterson', 'p@p.com', '615-253-4677', '86 Central Ave', 'Nashville', 'TN', 37206, 1);
insert into DonorProfile (Id, FirstName, LastName, Email, PhoneNumber, [Address], City, [State], ZipCode, NumberOfGifts) values (12, 'Ophelia', 'Otter', 'o@o.com', '615-253-4677', '86 Central Ave', 'Nashville', 'TN', 37206, 1);
insert into DonorProfile (Id, FirstName, LastName, Email, PhoneNumber, [Address], City, [State], ZipCode, NumberOfGifts) values (13, 'Ned', 'Nala', 'n@n.com', '615-253-4677', '86 Central Ave', 'Nashville', 'TN', 37206, 1);
insert into DonorProfile (Id, FirstName, LastName, Email, PhoneNumber, [Address], City, [State], ZipCode, NumberOfGifts) values (14, 'Maude', 'Maven', 'm@m.com', '615-253-4677', '86 Central Ave', 'Nashville', 'TN', 37206, 2);
insert into DonorProfile (Id, FirstName, LastName, Email, PhoneNumber, [Address], City, [State], ZipCode, NumberOfGifts) values (15, 'Larry', 'Lion', 'l@l.com', '615-253-4677', '86 Central Ave', 'Nashville', 'TN', 37206, 2);
insert into DonorProfile (Id, FirstName, LastName, Email, PhoneNumber, [Address], City, [State], ZipCode, NumberOfGifts) values (16, 'Kerry', 'Kola', 'k@k.com', '615-253-4677', '86 Central Ave', 'Nashville', 'TN', 37206, 2);
insert into DonorProfile (Id, FirstName, LastName, Email, PhoneNumber, [Address], City, [State], ZipCode, NumberOfGifts) values (17, 'Jake', 'Jackle', 'j@j.com', '615-253-4677', '86 Central Ave', 'Nashville', 'TN', 37206, 2);
insert into DonorProfile (Id, FirstName, LastName, Email, PhoneNumber, [Address], City, [State], ZipCode, NumberOfGifts) values (18, 'Illie', 'Iota', 'i@i.com', '615-253-4677', '86 Central Ave', 'Nashville', 'TN', 37206, 3);
insert into DonorProfile (Id, FirstName, LastName, Email, PhoneNumber, [Address], City, [State], ZipCode, NumberOfGifts) values (19, 'Henry', 'Hippo', 'h@h.com', '615-253-4677', '86 Central Ave', 'Nashville', 'TN', 37206, 3);
insert into DonorProfile (Id, FirstName, LastName, Email, PhoneNumber, [Address], City, [State], ZipCode, NumberOfGifts) values (20, 'Georgina', 'Grant', 'g@g.com', '615-253-4677', '86 Central Ave', 'Nashville', 'TN', 37206, 3);
insert into DonorProfile (Id, FirstName, LastName, Email, PhoneNumber, [Address], City, [State], ZipCode, NumberOfGifts) values (21, 'Fred', 'Flop', 'f@f.com', '615-253-4677', '86 Central Ave', 'Nashville', 'TN', 37206, 3);
insert into DonorProfile (Id, FirstName, LastName, Email, PhoneNumber, [Address], City, [State], ZipCode, NumberOfGifts) values (22, 'Evie', 'Everest', 'e@e.com', '615-253-4677', '86 Central Ave', 'Nashville', 'TN', 37206, 3);
insert into DonorProfile (Id, FirstName, LastName, Email, PhoneNumber, [Address], City, [State], ZipCode, NumberOfGifts) values (23, 'Delia', 'Dino', 'd@d.com', '615-253-4677', '86 Central Ave', 'Nashville', 'TN', 37206, 3);
insert into DonorProfile (Id, FirstName, LastName, Email, PhoneNumber, [Address], City, [State], ZipCode, NumberOfGifts) values (24, 'Carmon', 'Capabara', 'c@c.com', '615-253-4677', '86 Central Ave', 'Nashville', 'TN', 37206, 4);
insert into DonorProfile (Id, FirstName, LastName, Email, PhoneNumber, [Address], City, [State], ZipCode, NumberOfGifts) values (25, 'Bob', 'Baluga', 'b@b.com', '615-253-4677', '86 Central Ave', 'Nashville', 'TN', 37206, 4);
insert into DonorProfile (Id, FirstName, LastName, Email, PhoneNumber, [Address], City, [State], ZipCode, NumberOfGifts) values (26, 'Ann', 'Anteater', 'a@a.com', '615-253-4677', '86 Central Ave', 'Nashville', 'TN', 37206, 4);
set identity_insert [DonorProfile] off

set identity_insert [PledgeDrive] on
insert into PledgeDrive (Id, [Name], StartDate, EndDate, Goal) values (1, 'Fall 2020 Drive', '2020-09-18', '2020-09-26', 30000);
insert into PledgeDrive (Id, [Name], StartDate, EndDate, Goal) values (2, 'Holiday 2020 Drive', '2020-12-01', '2020-12-05', 30000);
insert into PledgeDrive (Id, [Name], StartDate, EndDate, Goal) values (3, 'Winter 2021 Drive', '2021-02-16', '2021-02-22', 30000);
insert into PledgeDrive (Id, [Name], StartDate, EndDate, Goal) values (4, 'Spring 2021 Drive', '2021-04-27', '2021-05-03', 30000);
insert into PledgeDrive (Id, [Name], StartDate, EndDate, Goal) values (5, 'Summer 2021 Drive', '2021-07-07', '2021-07-11', 30000);
set identity_insert [PledgeDrive] off

set identity_insert [DonationType] on
insert into [DonationType] ([Id], [Name]) 
values (1, 'Listener Contribution'), (2, 'Local Business Support'), (3, 'Grants, Events, Vehicle Donation, and Misc.'), (4, 'Corporation for Public Broadcasting')
set identity_insert [DonationType] off

set identity_insert [Reason] on
insert into [Reason] ([Id], [Name]) 
values (1, 'In Honor'), (2, 'In Memory'), (3, 'In Support')
set identity_insert [Reason] off

set identity_insert [Method] on
insert into [Method] ([Id], [Name]) 
values (1, 'Credit Card'), (2, 'Check'), (3, 'Gift Of Stock'), (4, 'IRA Rollover Gift'), (5, 'Vehicle Donation')
set identity_insert [Method] off

set identity_insert [Frequency] on
insert into [Frequency] ([Id], [Name]) 
values (1, 'One Time'), (2, 'Sustaining Membership')
set identity_insert [Frequency] off

set identity_insert [RecurringFrequency] on
insert into [RecurringFrequency] ([Id], [Name]) 
values (1, 'Monthly'), (2, 'Once a Quarter'), (3, 'Twice a Year')
set identity_insert [RecurringFrequency] off

set identity_insert [Gift] on
insert into [Gift] ([Id], [DonorProfileId], [PledgeDriveId], [GiftDate], [Amount], [DonationTypeId], [ReasonId], [MethodId], [FrequencyId], [RecurringFrequencyId]) values (1, 1, 5, '2021-07-07', 15, 1, NULL, 1, 2, 1);
insert into [Gift] ([Id], [DonorProfileId], [PledgeDriveId], [GiftDate], [Amount], [DonationTypeId], [ReasonId], [MethodId], [FrequencyId], [RecurringFrequencyId]) values (2, 2, 5, '2021-07-08', 20, 1, NULL, 1, 1, NULL);
insert into [Gift] ([Id], [DonorProfileId], [PledgeDriveId], [GiftDate], [Amount], [DonationTypeId], [ReasonId], [MethodId], [FrequencyId], [RecurringFrequencyId]) values (3, 2, 4, '2021-04-28', 15, 1, NULL, 1, 1, NULL);
insert into [Gift] ([Id], [DonorProfileId], [PledgeDriveId], [GiftDate], [Amount], [DonationTypeId], [ReasonId], [MethodId], [FrequencyId], [RecurringFrequencyId]) values (4, 3, 5, '2021-07-09', 50, 1, NULL, 1, 2, 1);
insert into [Gift] ([Id], [DonorProfileId], [PledgeDriveId], [GiftDate], [Amount], [DonationTypeId], [ReasonId], [MethodId], [FrequencyId], [RecurringFrequencyId]) values (5, 3, 4, '2021-04-29', 45, 1, NULL, 1, 1, NULL);
insert into [Gift] ([Id], [DonorProfileId], [PledgeDriveId], [GiftDate], [Amount], [DonationTypeId], [ReasonId], [MethodId], [FrequencyId], [RecurringFrequencyId]) values (6, 3, 3, '2021-02-22', 40, 1, NULL, 1, 1, NULL);
insert into [Gift] ([Id], [DonorProfileId], [PledgeDriveId], [GiftDate], [Amount], [DonationTypeId], [ReasonId], [MethodId], [FrequencyId], [RecurringFrequencyId]) values (7, 3, 2, '2020-12-04', 35, 1, NULL, 1, 1, NULL);
insert into [Gift] ([Id], [DonorProfileId], [PledgeDriveId], [GiftDate], [Amount], [DonationTypeId], [ReasonId], [MethodId], [FrequencyId], [RecurringFrequencyId]) values (8, 4, 5, '2021-07-11', 100, 1, NULL, 1, 2, 1);
insert into [Gift] ([Id], [DonorProfileId], [PledgeDriveId], [GiftDate], [Amount], [DonationTypeId], [ReasonId], [MethodId], [FrequencyId], [RecurringFrequencyId]) values (9, 4, 4, '2021-04-29', 50, 1, NULL, 1, 1, NULL);
insert into [Gift] ([Id], [DonorProfileId], [PledgeDriveId], [GiftDate], [Amount], [DonationTypeId], [ReasonId], [MethodId], [FrequencyId], [RecurringFrequencyId]) values (10, 5, 5, '2021-07-11', 10, 1, NULL, 1, 2, 1);
insert into [Gift] ([Id], [DonorProfileId], [PledgeDriveId], [GiftDate], [Amount], [DonationTypeId], [ReasonId], [MethodId], [FrequencyId], [RecurringFrequencyId]) values (11, 6, 5, '2021-07-11', 100, 1, NULL, 1, 1, NULL);
insert into [Gift] ([Id], [DonorProfileId], [PledgeDriveId], [GiftDate], [Amount], [DonationTypeId], [ReasonId], [MethodId], [FrequencyId], [RecurringFrequencyId]) values (12, 6, 4, '2021-04-28', 100, 1, NULL, 1, 1, NULL);
insert into [Gift] ([Id], [DonorProfileId], [PledgeDriveId], [GiftDate], [Amount], [DonationTypeId], [ReasonId], [MethodId], [FrequencyId], [RecurringFrequencyId]) values (13, 6, 3, '2021-02-22', 100, 1, NULL, 1, 1, NULL);
insert into [Gift] ([Id], [DonorProfileId], [PledgeDriveId], [GiftDate], [Amount], [DonationTypeId], [ReasonId], [MethodId], [FrequencyId], [RecurringFrequencyId]) values (14, 7, 5, '2021-07-11', 100, 1, NULL, 1, 2, 1);
insert into [Gift] ([Id], [DonorProfileId], [PledgeDriveId], [GiftDate], [Amount], [DonationTypeId], [ReasonId], [MethodId], [FrequencyId], [RecurringFrequencyId]) values (15, 7, 4, '2021-05-03', 75, 1, NULL, 1, 1, NULL);
insert into [Gift] ([Id], [DonorProfileId], [PledgeDriveId], [GiftDate], [Amount], [DonationTypeId], [ReasonId], [MethodId], [FrequencyId], [RecurringFrequencyId]) values (16, 8, 5, '2021-07-08', 300, 1, NULL, 1, 1, NULL);
insert into [Gift] ([Id], [DonorProfileId], [PledgeDriveId], [GiftDate], [Amount], [DonationTypeId], [ReasonId], [MethodId], [FrequencyId], [RecurringFrequencyId]) values (17, 9, 5, '2021-07-10', 300, 1, NULL, 1, 1, NULL);
insert into [Gift] ([Id], [DonorProfileId], [PledgeDriveId], [GiftDate], [Amount], [DonationTypeId], [ReasonId], [MethodId], [FrequencyId], [RecurringFrequencyId]) values (18, 10, 5, '2021-07-10', 35, 1, NULL, 1, 1, NULL);
insert into [Gift] ([Id], [DonorProfileId], [PledgeDriveId], [GiftDate], [Amount], [DonationTypeId], [ReasonId], [MethodId], [FrequencyId], [RecurringFrequencyId]) values (19, 11, 4, '2021-05-01', 85, 1, NULL, 1, 1, NULL);
insert into [Gift] ([Id], [DonorProfileId], [PledgeDriveId], [GiftDate], [Amount], [DonationTypeId], [ReasonId], [MethodId], [FrequencyId], [RecurringFrequencyId]) values (20, 12, 4, '2021-05-02', 120, 1, NULL, 1, 1, NULL);
insert into [Gift] ([Id], [DonorProfileId], [PledgeDriveId], [GiftDate], [Amount], [DonationTypeId], [ReasonId], [MethodId], [FrequencyId], [RecurringFrequencyId]) values (21, 13, 4, '2021-05-02', 90, 1, NULL, 1, 1, NULL);
insert into [Gift] ([Id], [DonorProfileId], [PledgeDriveId], [GiftDate], [Amount], [DonationTypeId], [ReasonId], [MethodId], [FrequencyId], [RecurringFrequencyId]) values (22, 14, 3, '2021-02-16', 50, 1, NULL, 1, 1, NULL);
insert into [Gift] ([Id], [DonorProfileId], [PledgeDriveId], [GiftDate], [Amount], [DonationTypeId], [ReasonId], [MethodId], [FrequencyId], [RecurringFrequencyId]) values (23, 14, 4, '2021-04-30', 75, 1, NULL, 1, 1, NULL);
insert into [Gift] ([Id], [DonorProfileId], [PledgeDriveId], [GiftDate], [Amount], [DonationTypeId], [ReasonId], [MethodId], [FrequencyId], [RecurringFrequencyId]) values (24, 15, 2, '2020-12-05', 75, 1, NULL, 1, 1, NULL);
insert into [Gift] ([Id], [DonorProfileId], [PledgeDriveId], [GiftDate], [Amount], [DonationTypeId], [ReasonId], [MethodId], [FrequencyId], [RecurringFrequencyId]) values (25, 15, 3, '2021-02-22', 95, 1, NULL, 1, 1, NULL);
insert into [Gift] ([Id], [DonorProfileId], [PledgeDriveId], [GiftDate], [Amount], [DonationTypeId], [ReasonId], [MethodId], [FrequencyId], [RecurringFrequencyId]) values (26, 16, 2, '2020-12-02', 100, 1, NULL, 1, 1, NULL);
insert into [Gift] ([Id], [DonorProfileId], [PledgeDriveId], [GiftDate], [Amount], [DonationTypeId], [ReasonId], [MethodId], [FrequencyId], [RecurringFrequencyId]) values (27, 16, 3, '2021-02-20', 135, 1, NULL, 1, 1, NULL);
insert into [Gift] ([Id], [DonorProfileId], [PledgeDriveId], [GiftDate], [Amount], [DonationTypeId], [ReasonId], [MethodId], [FrequencyId], [RecurringFrequencyId]) values (28, 17, 2, '2020-12-03', 75, 1, NULL, 1, 1, NULL);
insert into [Gift] ([Id], [DonorProfileId], [PledgeDriveId], [GiftDate], [Amount], [DonationTypeId], [ReasonId], [MethodId], [FrequencyId], [RecurringFrequencyId]) values (29, 17, 3, '2021-02-19', 85, 1, NULL, 1, 1, NULL);
insert into [Gift] ([Id], [DonorProfileId], [PledgeDriveId], [GiftDate], [Amount], [DonationTypeId], [ReasonId], [MethodId], [FrequencyId], [RecurringFrequencyId]) values (30, 18, 3, '2021-02-22', 85, 1, NULL, 1, 1, NULL);
insert into [Gift] ([Id], [DonorProfileId], [PledgeDriveId], [GiftDate], [Amount], [DonationTypeId], [ReasonId], [MethodId], [FrequencyId], [RecurringFrequencyId]) values (31, 18, 4, '2021-04-27', 90, 1, NULL, 1, 1, NULL);
insert into [Gift] ([Id], [DonorProfileId], [PledgeDriveId], [GiftDate], [Amount], [DonationTypeId], [ReasonId], [MethodId], [FrequencyId], [RecurringFrequencyId]) values (32, 18, 5, '2021-07-08', 105, 1, NULL, 1, 1, NULL);
insert into [Gift] ([Id], [DonorProfileId], [PledgeDriveId], [GiftDate], [Amount], [DonationTypeId], [ReasonId], [MethodId], [FrequencyId], [RecurringFrequencyId]) values (33, 19, 3, '2021-02-18', 125, 1, NULL, 1, 1, NULL);
insert into [Gift] ([Id], [DonorProfileId], [PledgeDriveId], [GiftDate], [Amount], [DonationTypeId], [ReasonId], [MethodId], [FrequencyId], [RecurringFrequencyId]) values (34, 19, 4, '2021-04-29', 145, 1, NULL, 1, 1, NULL);
insert into [Gift] ([Id], [DonorProfileId], [PledgeDriveId], [GiftDate], [Amount], [DonationTypeId], [ReasonId], [MethodId], [FrequencyId], [RecurringFrequencyId]) values (35, 19, 5, '2021-07-10', 125, 1, NULL, 1, 1, NULL);
insert into [Gift] ([Id], [DonorProfileId], [PledgeDriveId], [GiftDate], [Amount], [DonationTypeId], [ReasonId], [MethodId], [FrequencyId], [RecurringFrequencyId]) values (36, 20, 3, '2021-02-18', 125, 1, NULL, 1, 1, NULL);
insert into [Gift] ([Id], [DonorProfileId], [PledgeDriveId], [GiftDate], [Amount], [DonationTypeId], [ReasonId], [MethodId], [FrequencyId], [RecurringFrequencyId]) values (37, 20, 4, '2021-04-29', 145, 1, NULL, 1, 1, NULL);
insert into [Gift] ([Id], [DonorProfileId], [PledgeDriveId], [GiftDate], [Amount], [DonationTypeId], [ReasonId], [MethodId], [FrequencyId], [RecurringFrequencyId]) values (38, 20, 5, '2021-07-10', 150, 1, NULL, 1, 2, 1);
insert into [Gift] ([Id], [DonorProfileId], [PledgeDriveId], [GiftDate], [Amount], [DonationTypeId], [ReasonId], [MethodId], [FrequencyId], [RecurringFrequencyId]) values (39, 21, 3, '2021-02-22', 60, 1, NULL, 1, 1, NULL);
insert into [Gift] ([Id], [DonorProfileId], [PledgeDriveId], [GiftDate], [Amount], [DonationTypeId], [ReasonId], [MethodId], [FrequencyId], [RecurringFrequencyId]) values (40, 21, 4, '2021-05-01', 65, 1, NULL, 1, 1, NULL);
insert into [Gift] ([Id], [DonorProfileId], [PledgeDriveId], [GiftDate], [Amount], [DonationTypeId], [ReasonId], [MethodId], [FrequencyId], [RecurringFrequencyId]) values (41, 21, 5, '2021-07-11', 75, 1, NULL, 1, 2, 1);
insert into [Gift] ([Id], [DonorProfileId], [PledgeDriveId], [GiftDate], [Amount], [DonationTypeId], [ReasonId], [MethodId], [FrequencyId], [RecurringFrequencyId]) values (42, 22, 2, '2020-12-04', 125, 1, NULL, 1, 1, NULL);
insert into [Gift] ([Id], [DonorProfileId], [PledgeDriveId], [GiftDate], [Amount], [DonationTypeId], [ReasonId], [MethodId], [FrequencyId], [RecurringFrequencyId]) values (43, 22, 3, '2021-02-21', 145, 1, NULL, 1, 1, NULL);
insert into [Gift] ([Id], [DonorProfileId], [PledgeDriveId], [GiftDate], [Amount], [DonationTypeId], [ReasonId], [MethodId], [FrequencyId], [RecurringFrequencyId]) values (44, 22, 4, '2021-04-28', 150, 1, NULL, 1, 2, 1);
insert into [Gift] ([Id], [DonorProfileId], [PledgeDriveId], [GiftDate], [Amount], [DonationTypeId], [ReasonId], [MethodId], [FrequencyId], [RecurringFrequencyId]) values (45, 23, 2, '2020-12-05', 125, 1, NULL, 1, 1, NULL);
insert into [Gift] ([Id], [DonorProfileId], [PledgeDriveId], [GiftDate], [Amount], [DonationTypeId], [ReasonId], [MethodId], [FrequencyId], [RecurringFrequencyId]) values (46, 23, 3, '2021-02-22', 140, 1, NULL, 1, 1, NULL);
insert into [Gift] ([Id], [DonorProfileId], [PledgeDriveId], [GiftDate], [Amount], [DonationTypeId], [ReasonId], [MethodId], [FrequencyId], [RecurringFrequencyId]) values (47, 23, 4, '2021-04-29', 150, 1, NULL, 1, 2, 1);
insert into [Gift] ([Id], [DonorProfileId], [PledgeDriveId], [GiftDate], [Amount], [DonationTypeId], [ReasonId], [MethodId], [FrequencyId], [RecurringFrequencyId]) values (48, 24, 2, '2020-12-04', 125, 1, NULL, 1, 1, NULL);
insert into [Gift] ([Id], [DonorProfileId], [PledgeDriveId], [GiftDate], [Amount], [DonationTypeId], [ReasonId], [MethodId], [FrequencyId], [RecurringFrequencyId]) values (49, 24, 3, '2021-02-21', 145, 1, NULL, 1, 1, NULL);
insert into [Gift] ([Id], [DonorProfileId], [PledgeDriveId], [GiftDate], [Amount], [DonationTypeId], [ReasonId], [MethodId], [FrequencyId], [RecurringFrequencyId]) values (50, 24, 4, '2021-04-28', 150, 1, NULL, 1, 1, NULL);
insert into [Gift] ([Id], [DonorProfileId], [PledgeDriveId], [GiftDate], [Amount], [DonationTypeId], [ReasonId], [MethodId], [FrequencyId], [RecurringFrequencyId]) values (51, 24, 5, '2021-07-07', 170, 1, NULL, 1, 2, 1);
insert into [Gift] ([Id], [DonorProfileId], [PledgeDriveId], [GiftDate], [Amount], [DonationTypeId], [ReasonId], [MethodId], [FrequencyId], [RecurringFrequencyId]) values (52, 25, 2, '2020-12-05', 125, 1, NULL, 1, 1, NULL);
insert into [Gift] ([Id], [DonorProfileId], [PledgeDriveId], [GiftDate], [Amount], [DonationTypeId], [ReasonId], [MethodId], [FrequencyId], [RecurringFrequencyId]) values (53, 25, 3, '2021-02-22', 145, 1, NULL, 1, 1, NULL);
insert into [Gift] ([Id], [DonorProfileId], [PledgeDriveId], [GiftDate], [Amount], [DonationTypeId], [ReasonId], [MethodId], [FrequencyId], [RecurringFrequencyId]) values (54, 25, 4, '2021-04-30', 150, 1, NULL, 1, 1, NULL);
insert into [Gift] ([Id], [DonorProfileId], [PledgeDriveId], [GiftDate], [Amount], [DonationTypeId], [ReasonId], [MethodId], [FrequencyId], [RecurringFrequencyId]) values (55, 25, 5, '2021-07-11', 170, 1, NULL, 1, 1, NULL);
insert into [Gift] ([Id], [DonorProfileId], [PledgeDriveId], [GiftDate], [Amount], [DonationTypeId], [ReasonId], [MethodId], [FrequencyId], [RecurringFrequencyId]) values (56, 26, 2, '2020-12-05', 100, 1, NULL, 1, 1, NULL);
insert into [Gift] ([Id], [DonorProfileId], [PledgeDriveId], [GiftDate], [Amount], [DonationTypeId], [ReasonId], [MethodId], [FrequencyId], [RecurringFrequencyId]) values (57, 26, 3, '2021-02-22', 110, 1, NULL, 1, 1, NULL);
insert into [Gift] ([Id], [DonorProfileId], [PledgeDriveId], [GiftDate], [Amount], [DonationTypeId], [ReasonId], [MethodId], [FrequencyId], [RecurringFrequencyId]) values (58, 26, 4, '2021-04-30', 145, 1, NULL, 1, 1, NULL);
insert into [Gift] ([Id], [DonorProfileId], [PledgeDriveId], [GiftDate], [Amount], [DonationTypeId], [ReasonId], [MethodId], [FrequencyId], [RecurringFrequencyId]) values (59, 26, 5, '2021-07-11', 180, 1, NULL, 1, 1, NULL);
set identity_insert [Gift] off


